<?xml version="1.0" encoding="UTF-8"?>
<root>
  <item name="net.luna.common.util.FileChooserUtils java.io.File[] listDirs(java.lang.String, java.lang.String[], int) 2">
    <annotation name="android.support.annotation.IntDef">
      <val name="flag" val="false" />
      <val name="value" val="{net.luna.common.util.FileChooserUtils.BY_NAME_ASC, net.luna.common.util.FileChooserUtils.BY_NAME_DESC, net.luna.common.util.FileChooserUtils.BY_TIME_ASC, net.luna.common.util.FileChooserUtils.BY_TIME_DESC, net.luna.common.util.FileChooserUtils.BY_SIZE_ASC, net.luna.common.util.FileChooserUtils.BY_SIZE_DESC, net.luna.common.util.FileChooserUtils.BY_EXTENSION_ASC, net.luna.common.util.FileChooserUtils.BY_EXTENSION_DESC}" />
    </annotation>
  </item>
  <item name="net.luna.common.util.FileChooserUtils java.io.File[] listFiles(java.lang.String, java.util.regex.Pattern, int) 2">
    <annotation name="android.support.annotation.IntDef">
      <val name="flag" val="false" />
      <val name="value" val="{net.luna.common.util.FileChooserUtils.BY_NAME_ASC, net.luna.common.util.FileChooserUtils.BY_NAME_DESC, net.luna.common.util.FileChooserUtils.BY_TIME_ASC, net.luna.common.util.FileChooserUtils.BY_TIME_DESC, net.luna.common.util.FileChooserUtils.BY_SIZE_ASC, net.luna.common.util.FileChooserUtils.BY_SIZE_DESC, net.luna.common.util.FileChooserUtils.BY_EXTENSION_ASC, net.luna.common.util.FileChooserUtils.BY_EXTENSION_DESC}" />
    </annotation>
  </item>
</root>

